<?xml version="1.0" encoding="utf-8"?>
<extension type="module" client="administrator" method="upgrade">
	<name>MOD_NTPREQUESTGHSVS</name>
	<author>G@HService Berlin Neukölln, Volkmar Volli Schlothauer</author>
	<creationDate>2022-07-05</creationDate>
	<copyright>(C) 2022, G@HService Berlin Neukölln, Volkmar Volli Schlothauer (ghsvs.de)</copyright>
	<license>GNU General Public License version 3 or later; see LICENSE.txt.</license>
	<authorUrl>https://ghsvs.de</authorUrl>
	<version>2022.07.05</version>
	<description>MOD_NTPREQUESTGHSVS_XML_DESCRIPTION</description>

	<updateservers><server type="extension" priority="1" name="MOD_NTPREQUESTGHSVS">https://raw.githubusercontent.com/GHSVS-de/upadateservers/master/mod_ntprequestghsvs-update.xml</server></updateservers>

	<changelogurl>https://raw.githubusercontent.com/GHSVS-de/upadateservers/master/mod_ntprequestghsvs-changelog.xml</changelogurl>

	<infourl>https://updates.ghsvs.de/changelog.php?file=mod_ntprequestghsvs</infourl>

	<scriptfile>installerScript.php</scriptfile>
	<minimumPhp>7.4.2</minimumPhp>
	<maximumPhp>8.99999.99999</maximumPhp>
	<minimumJoomla>4.1.0</minimumJoomla>
	<maximumJoomla>4.9999.9999</maximumJoomla>
	<allowDowngrades>1</allowDowngrades>

	<files>
		<filename module="mod_ntprequestghsvs">mod_ntprequestghsvs.php</filename>
		<filename>installerScript.php</filename>
		<filename>LICENSE.txt</filename>
		<folder>language</folder>
		<folder>src</folder>
		<folder>tmpl</folder>
		<folder>vendor</folder>
	</files>
	<namespace path="src">Joomla\Module\NtpRequestGhsvs</namespace>
	<config>
		<fields name="params" addfieldprefix="Joomla\Module\NtpRequestGhsvs\Administrator\Field">

			<fieldset name="advanced">

				<field name="layout" type="modulelayout"
					class="custom-select"
					label="JFIELD_ALT_LAYOUT_LABEL"/>

				<field
					name="moduleclass_sfx"
					type="textarea"
					label="COM_MODULES_FIELD_MODULECLASS_SFX_LABEL"
					rows="3"
				/>

				<field
					name="owncache"
					type="list"
					label="COM_MODULES_FIELD_CACHING_LABEL"
					default="1"
					filter="integer"
					>
					<option value="1">JGLOBAL_USE_GLOBAL</option>
					<option value="0">COM_MODULES_FIELD_VALUE_NOCACHING</option>
				</field>

				<field
					name="cache_time"
					type="number"
					label="COM_MODULES_FIELD_CACHE_TIME_LABEL"
					default="900"
					filter="integer"
				/>

			</fieldset>
		</fields>
	</config>
</extension>
